epoch,lr,loss,vl_loss,acc,vl_acc
1.0,1.3015051476058127e-08,6.1567702293396,6.034282207489014,0.07132823474324956,0.03349979192675822
